"interaction_id","plant_taxon","pollinator_taxon","rho","p.value","total_count","n_parks_present","p_adj_fdr"
"Richardia grandiflora __ Hylephila phyleus","Richardia grandiflora","Hylephila phyleus",-0.537477234822849,0.031779722509253,15,7,0.867195183583059
"Bidens alba __ Cymaenes tripunctus","Bidens alba","Cymaenes tripunctus",-0.529365424357296,0.034970899594692,11,6,0.867195183583059
"Bidens alba __ Syngamia florella","Bidens alba","Syngamia florella",-0.511716678663477,0.0427462258608925,8,5,0.867195183583059
"Hamelia patens __ Apis mellifera","Hamelia patens","Apis mellifera",0.509902080512188,0.0436135172821649,18,5,0.867195183583059
"Bidens alba __ Erynnis horatius","Bidens alba","Erynnis horatius",-0.490945518021908,0.0534797793181189,47,12,0.867195183583059
"Bidens alba __ Eumaeus atala","Bidens alba","Eumaeus atala",-0.486705167517284,0.0558960551642788,10,4,0.867195183583059
"Richardia grandiflora __ Thorybes dorantes","Richardia grandiflora","Thorybes dorantes",-0.433670252691937,0.093309593096,14,6,0.867195183583059
"Bidens alba __ Lerodea eufala","Bidens alba","Lerodea eufala",-0.424476359978009,0.10126371434657,1,1,0.867195183583059
"Bidens alba __ Megachile albitarsis","Bidens alba","Megachile albitarsis",-0.424476359978009,0.10126371434657,2,1,0.867195183583059
"Emilia sonchifolia __ Cymaenes tripunctus","Emilia sonchifolia","Cymaenes tripunctus",-0.424476359978009,0.10126371434657,1,1,0.867195183583059
"Emilia sonchifolia __ Erynnis horatius","Emilia sonchifolia","Erynnis horatius",-0.424476359978009,0.10126371434657,1,1,0.867195183583059
"Heterotheca subaxillaris __ Agapostemon splendens","Heterotheca subaxillaris","Agapostemon splendens",-0.424476359978009,0.10126371434657,2,1,0.867195183583059
"Heterotheca subaxillaris __ Halictus poeyi","Heterotheca subaxillaris","Halictus poeyi",-0.424476359978009,0.10126371434657,1,1,0.867195183583059
"Phyla nodiflora __ Hylephila phyleus","Phyla nodiflora","Hylephila phyleus",-0.424476359978009,0.10126371434657,1,1,0.867195183583059
"Polygonella polygama __ Chrysanthrax cypris","Polygonella polygama","Chrysanthrax cypris",-0.424476359978009,0.10126371434657,1,1,0.867195183583059
"Richardia grandiflora __ Agapostemon splendens","Richardia grandiflora","Agapostemon splendens",-0.424476359978009,0.10126371434657,1,1,0.867195183583059
"Richardia grandiflora __ Polites otho","Richardia grandiflora","Polites otho",-0.424476359978009,0.10126371434657,1,1,0.867195183583059
"Richardia grandiflora __ Utetheisa ornatrix","Richardia grandiflora","Utetheisa ornatrix",-0.424476359978009,0.10126371434657,1,1,0.867195183583059
"Sida ulmifolia __ Lerodea eufala","Sida ulmifolia","Lerodea eufala",-0.424476359978009,0.10126371434657,1,1,0.867195183583059
"Spermacoce verticillata __ Microbembex monodonta","Spermacoce verticillata","Microbembex monodonta",-0.424476359978009,0.10126371434657,1,1,0.867195183583059
"Waltheria indica __ Strymon istapa","Waltheria indica","Strymon istapa",-0.424476359978009,0.10126371434657,1,1,0.867195183583059
"Spermacoce verticillata __ Apis mellifera","Spermacoce verticillata","Apis mellifera",0.42317939264053,0.102423141181616,9,4,0.867195183583059
"Richardia grandiflora __ Dione vanillae","Richardia grandiflora","Dione vanillae",-0.411383814443557,0.113400665922459,25,8,0.867195183583059
"Pentas lanceolata __ Danaus plexippus","Pentas lanceolata","Danaus plexippus",-0.37282185960072,0.15496628183477,2,2,0.867195183583059
"Stylosanthes hamata __ Eurema daira","Stylosanthes hamata","Eurema daira",-0.367879511980941,0.160947298675871,1,1,0.867195183583059
"Asclepias curassavica __ Dryas iulia","Asclepias curassavica","Dryas iulia",-0.367879511980941,0.160947298675871,1,1,0.867195183583059
"Bidens alba __ Alypia wittfeldii","Bidens alba","Alypia wittfeldii",-0.367879511980941,0.160947298675871,1,1,0.867195183583059
"Bidens alba __ Heliconius charithonia tuckeri","Bidens alba","Heliconius charithonia tuckeri",-0.367879511980941,0.160947298675871,1,1,0.867195183583059
"Bidens alba __ Strymon melinus","Bidens alba","Strymon melinus",-0.367879511980941,0.160947298675871,1,1,0.867195183583059
"Chrysobalanus icaco __ Dione vanillae","Chrysobalanus icaco","Dione vanillae",-0.367879511980941,0.160947298675871,1,1,0.867195183583059
"Phyla nodiflora __ Pyrausta tyralis","Phyla nodiflora","Pyrausta tyralis",-0.367879511980941,0.160947298675871,1,1,0.867195183583059
"Phyla nodiflora __ Syngamia florella","Phyla nodiflora","Syngamia florella",-0.367879511980941,0.160947298675871,1,1,0.867195183583059
"Pontederia cordata __ Agapostemon splendens","Pontederia cordata","Agapostemon splendens",-0.367879511980941,0.160947298675871,1,1,0.867195183583059
"Pontederia cordata __ Ascia monuste","Pontederia cordata","Ascia monuste",-0.367879511980941,0.160947298675871,1,1,0.867195183583059
"Psychotria nervosa __ Siproeta stelenes","Psychotria nervosa","Siproeta stelenes",-0.367879511980941,0.160947298675871,1,1,0.867195183583059
"Richardia grandiflora __ Syngamia florella","Richardia grandiflora","Syngamia florella",-0.367879511980941,0.160947298675871,2,1,0.867195183583059
"Sida ulmifolia __ Dione vanillae","Sida ulmifolia","Dione vanillae",-0.367879511980941,0.160947298675871,1,1,0.867195183583059
"Spermacoce verticillata __ Hemiargus ceraunus","Spermacoce verticillata","Hemiargus ceraunus",-0.356492758814379,0.175310599918788,5,2,0.867195183583059
"Psychotria nervosa __ Heliconius charithonia","Psychotria nervosa","Heliconius charithonia",0.34141282425052,0.195602931645043,5,4,0.867195183583059
"Bacopa monnieri __ Phoebis statira","Bacopa monnieri","Phoebis statira",0.339581087982407,0.198167500688675,1,1,0.867195183583059
"Bidens Alba __ Euphoria sepulcralis","Bidens Alba","Euphoria sepulcralis",0.339581087982407,0.198167500688675,1,1,0.867195183583059
"Bidens Alba __ Heliconius charithonia","Bidens Alba","Heliconius charithonia",0.339581087982407,0.198167500688675,2,1,0.867195183583059
"Bidens Alba __ Junonia neildi","Bidens Alba","Junonia neildi",0.339581087982407,0.198167500688675,1,1,0.867195183583059
"Bidens Alba __ Leptotes cassius","Bidens Alba","Leptotes cassius",0.339581087982407,0.198167500688675,1,1,0.867195183583059
"Bidens alba __ Junonia neildi","Bidens alba","Junonia neildi",0.339581087982407,0.198167500688675,2,1,0.867195183583059
"Coccoloba uvifera __ Heliconius charithonia","Coccoloba uvifera","Heliconius charithonia",0.339581087982407,0.198167500688675,1,1,0.867195183583059
"Coccoloba uvifera __ Phocides pigmalion","Coccoloba uvifera","Phocides pigmalion",0.339581087982407,0.198167500688675,1,1,0.867195183583059
"Crotalaria pumila __ Eurema daira","Crotalaria pumila","Eurema daira",0.339581087982407,0.198167500688675,1,1,0.867195183583059
"Crysobalanus Icaco __ Apis mellifera","Crysobalanus Icaco","Apis mellifera",0.339581087982407,0.198167500688675,1,1,0.867195183583059
"Flaveria linearis __ Eumaeus atala","Flaveria linearis","Eumaeus atala",0.339581087982407,0.198167500688675,1,1,0.867195183583059
"Hamelia Patens __ Aellopos tantalus","Hamelia Patens","Aellopos tantalus",0.339581087982407,0.198167500688675,1,1,0.867195183583059
"Hamelia Patens __ Heliconius charithonia","Hamelia Patens","Heliconius charithonia",0.339581087982407,0.198167500688675,1,1,0.867195183583059
"Heterotheca Subaxillaris __ Heliconius charithonia","Heterotheca Subaxillaris","Heliconius charithonia",0.339581087982407,0.198167500688675,1,1,0.867195183583059
"Heterotheca subaxillaris __ Dione vanillae","Heterotheca subaxillaris","Dione vanillae",0.339581087982407,0.198167500688675,2,1,0.867195183583059
"Lantana strigocamara __ Syntomeida epilais jucundissima","Lantana strigocamara","Syntomeida epilais jucundissima",0.339581087982407,0.198167500688675,1,1,0.867195183583059
"Pluchea Orodata __ Junonia neildi","Pluchea Orodata","Junonia neildi",0.339581087982407,0.198167500688675,1,1,0.867195183583059
"Richardia Grandiflora __ Junonia neildi","Richardia Grandiflora","Junonia neildi",0.339581087982407,0.198167500688675,1,1,0.867195183583059
"Richardia grandiflora __ Phocides pigmalion","Richardia grandiflora","Phocides pigmalion",0.339581087982407,0.198167500688675,1,1,0.867195183583059
"Spermacoce verticillata __ Junonia neildi","Spermacoce verticillata","Junonia neildi",0.339581087982407,0.198167500688675,1,1,0.867195183583059
"Sphagneticola trilobata __ Nathalis iole","Sphagneticola trilobata","Nathalis iole",0.339581087982407,0.198167500688675,1,1,0.867195183583059
"Sphaneticola trilobata __ Atalopedes huron","Sphaneticola trilobata","Atalopedes huron",0.339581087982407,0.198167500688675,1,1,0.867195183583059
"Stachytarpheta jamaicensis __ Dione vanillae","Stachytarpheta jamaicensis","Dione vanillae",0.339581087982407,0.198167500688675,1,1,0.867195183583059
"Stachytarpheta jamaicensis __ Dryas iulia","Stachytarpheta jamaicensis","Dryas iulia",0.339581087982407,0.198167500688675,1,1,0.867195183583059
"Stachytarpheta jamaicensis __ Phocides pigmalion","Stachytarpheta jamaicensis","Phocides pigmalion",0.339581087982407,0.198167500688675,1,1,0.867195183583059
"Stachytarpheta jamaicensis __ Urbanus proteus","Stachytarpheta jamaicensis","Urbanus proteus",0.339581087982407,0.198167500688675,1,1,0.867195183583059
"stachytarpheta Jamaicensis __ Heliconius charithonia","stachytarpheta Jamaicensis","Heliconius charithonia",0.339581087982407,0.198167500688675,1,1,0.867195183583059
"Spermacoce verticillata __ Leptotes cassius","Spermacoce verticillata","Leptotes cassius",0.339581087982407,0.198167500688675,1,1,0.867195183583059
"Hamelia patens __ Eumaeus atala","Hamelia patens","Eumaeus atala",0.339581087982407,0.198167500688675,1,1,0.867195183583059
"Hibiscus rosa-sinensis __ Dione vanillae","Hibiscus rosa-sinensis","Dione vanillae",0.339581087982407,0.198167500688675,1,1,0.867195183583059
"Salix caroliniana __ Apis mellifera","Salix caroliniana","Apis mellifera",0.339581087982407,0.198167500688675,1,1,0.867195183583059
"Hamelia patens __ Danaus gilippus","Hamelia patens","Danaus gilippus",0.339581087982407,0.198167500688675,2,1,0.867195183583059
"Bursera simaruba __ Danaus plexippus","Bursera simaruba","Danaus plexippus",0.339581087982407,0.198167500688675,1,1,0.867195183583059
"Chromolaena odorata __ Anartia jatrophae","Chromolaena odorata","Anartia jatrophae",0.339581087982407,0.198167500688675,1,1,0.867195183583059
"Forestiera segregata __ Leptotes cassius","Forestiera segregata","Leptotes cassius",0.339581087982407,0.198167500688675,1,1,0.867195183583059
"Hamelia patens __ Anartia jatrophae","Hamelia patens","Anartia jatrophae",0.339581087982407,0.198167500688675,1,1,0.867195183583059
"Hamelia patens __ Erynnis horatius","Hamelia patens","Erynnis horatius",0.339581087982407,0.198167500688675,1,1,0.867195183583059
"Hamelia patens __ Larra bicolor","Hamelia patens","Larra bicolor",0.339581087982407,0.198167500688675,1,1,0.867195183583059
"Hamelia patens __ Sceliphron caementarium","Hamelia patens","Sceliphron caementarium",0.339581087982407,0.198167500688675,1,1,0.867195183583059
"Richardia grandiflora __ Panoquina ocola","Richardia grandiflora","Panoquina ocola",0.339581087982407,0.198167500688675,1,1,0.867195183583059
"Spermacoce verticillata __ Heliconius charithonia","Spermacoce verticillata","Heliconius charithonia",0.339581087982407,0.198167500688675,1,1,0.867195183583059
"Spermacoce verticillata __ Marpesia petreus","Spermacoce verticillata","Marpesia petreus",0.339581087982407,0.198167500688675,1,1,0.867195183583059
"Stachytarpheta jamaicensis __ Anartia jatrophae","Stachytarpheta jamaicensis","Anartia jatrophae",0.339581087982407,0.198167500688675,1,1,0.867195183583059
"Hamelia patens __ Phoebis philea","Hamelia patens","Phoebis philea",-0.337488538914307,0.201123819860605,9,4,0.867195183583059
"Hamelia patens __ Dione vanillae","Hamelia patens","Dione vanillae",0.33404043405404,0.206057244903243,4,3,0.867195183583059
"Chromolaena odorata __ Dione vanillae","Chromolaena odorata","Dione vanillae",-0.331397208533973,0.209891442145149,2,2,0.867195183583059
"Varronia bullata __ Leptotes cassius","Varronia bullata","Leptotes cassius",-0.331397208533973,0.209891442145149,2,2,0.867195183583059
"Pentas lanceolata __ Heraclides cresphontes","Pentas lanceolata","Heraclides cresphontes",-0.311282663983873,0.240566228044894,3,1,0.867195183583059
"Hamelia patens __ Battus polydamas","Hamelia patens","Battus polydamas",-0.311282663983873,0.240566228044894,1,1,0.867195183583059
"Cosmos sulphureus __ Megachile parallela","Cosmos sulphureus","Megachile parallela",-0.311282663983873,0.240566228044894,1,1,0.867195183583059
"Cosmos sulphureus __ Thorybes dorantes","Cosmos sulphureus","Thorybes dorantes",-0.311282663983873,0.240566228044894,1,1,0.867195183583059
"Hamelia patens __ Aphrissa neleis","Hamelia patens","Aphrissa neleis",-0.311282663983873,0.240566228044894,1,1,0.867195183583059
"Hamelia patens __ Urbanus proteus","Hamelia patens","Urbanus proteus",-0.311282663983873,0.240566228044894,1,1,0.867195183583059
"Helianthus debilis __ Apis mellifera","Helianthus debilis","Apis mellifera",-0.311282663983873,0.240566228044894,1,1,0.867195183583059
"Helianthus debilis __ Choranthus capucinus","Helianthus debilis","Choranthus capucinus",-0.311282663983873,0.240566228044894,1,1,0.867195183583059
"Pentas lanceolata __ Cymaenes tripunctus","Pentas lanceolata","Cymaenes tripunctus",-0.311282663983873,0.240566228044894,1,1,0.867195183583059
"Pentas lanceolata __ Hyles lineata","Pentas lanceolata","Hyles lineata",-0.311282663983873,0.240566228044894,1,1,0.867195183583059
"Pentas lanceolata __ Thorybes dorantes","Pentas lanceolata","Thorybes dorantes",-0.311282663983873,0.240566228044894,1,1,0.867195183583059
"Stachytarpheta jamaicensis __ Apis mellifera","Stachytarpheta jamaicensis","Apis mellifera",-0.311282663983873,0.240566228044894,1,1,0.867195183583059
"Stachytarpheta jamaicensis __ Centris nitida","Stachytarpheta jamaicensis","Centris nitida",-0.311282663983873,0.240566228044894,1,1,0.867195183583059
"Stachytarpheta jamaicensis __ Eurema daira","Stachytarpheta jamaicensis","Eurema daira",-0.311282663983873,0.240566228044894,1,1,0.867195183583059
"Richardia grandiflora __ Lerodea eufala","Richardia grandiflora","Lerodea eufala",-0.309993703316851,0.242622475185288,4,2,0.867195183583059
"Bidens alba __ Hylephila phyleus","Bidens alba","Hylephila phyleus",-0.30265871453611,0.254532066110001,17,8,0.900843881036374
"Bidens alba __ Danaus eresimus","Bidens alba","Danaus eresimus",-0.300814267282348,0.25758260223899,8,3,0.901649682309714
"Richardia grandiflora __ Danaus plexippus","Richardia grandiflora","Danaus plexippus",-0.298348938345839,0.261695016204552,3,3,0.901649682309714
"Phyla nodiflora __ Anartia jatrophae","Phyla nodiflora","Anartia jatrophae",0.298016465675663,0.262252677680111,5,3,0.901649682309714
"Hamelia patens __ Euglossa dilemma","Hamelia patens","Euglossa dilemma",-0.294741559459447,0.267784634833642,4,3,0.911120997671041
"Chromolaena odorata __ Marpesia petreus","Chromolaena odorata","Marpesia petreus",-0.29340932194918,0.270055254157345,10,6,0.911120997671041
"Mikania scandens __ Apis mellifera","Mikania scandens","Apis mellifera",-0.289972557467227,0.275966695887443,2,2,0.917919924157006
"Bidens alba __ Leptotes cassius","Bidens alba","Leptotes cassius",-0.289286605592602,0.277155877377046,11,4,0.917919924157006
"Bidens alba __ Dione vanillae","Bidens alba","Dione vanillae",-0.283077311601072,0.288061142202201,9,5,0.937929450469877
"Hamelia patens __ Heliconius charithonia tuckeri","Hamelia patens","Heliconius charithonia tuckeri",0.269260231933853,0.313234223979283,2,2,0.937929450469877
"Spermacoce verticillata __ Strymon istapa","Spermacoce verticillata","Strymon istapa",-0.266359038918908,0.318677995585223,5,3,0.937929450469877
"Chromolaena odorata __ Thorybes dorantes","Chromolaena odorata","Thorybes dorantes",-0.263249063246328,0.32457416470111,3,3,0.937929450469877
"Psychotria nervosa __ Dryas iulia","Psychotria nervosa","Dryas iulia",0.254453164805916,0.341588284210494,3,2,0.937929450469877
"Bidens alba __ Heliconius charithonia","Bidens alba","Heliconius charithonia",-0.252492582921698,0.345448426195714,45,12,0.937929450469877
"Cestrum diurnum __ Dione vanillae","Cestrum diurnum","Dione vanillae",-0.24854790640048,0.35328938873954,2,2,0.937929450469877
"Chromolaena odorata __ Dryas iulia","Chromolaena odorata","Dryas iulia",-0.24854790640048,0.35328938873954,2,2,0.937929450469877
"Spermacoce verticillata __ Burnsius oileus","Spermacoce verticillata","Burnsius oileus",-0.24854790640048,0.35328938873954,2,2,0.937929450469877
"Bidens alba __ Dryas iulia","Bidens alba","Dryas iulia",0.235928548350948,0.379035064430353,17,6,0.937929450469877
"Spermacoce verticillata __ Nathalis iole","Spermacoce verticillata","Nathalis iole",-0.228149188146818,0.39540229368384,3,3,0.937929450469877
"Sphagneticola trilobata __ Anartia jatrophae","Sphagneticola trilobata","Anartia jatrophae",-0.221470199008916,0.409751339761331,4,4,0.937929450469877
"Bidens alba __ Pontia protodice","Bidens alba","Pontia protodice",-0.221470199008916,0.409751339761331,4,4,0.937929450469877
"Hamelia patens __ Phoebis statira","Hamelia patens","Phoebis statira",-0.211829030599848,0.430940014877187,6,2,0.937929450469877
"Erigeron quercifolius __ Halictus poeyi","Erigeron quercifolius","Halictus poeyi",-0.207123255333733,0.441482853537828,2,2,0.937929450469877
"Bidens alba __ Anartia jatrophae","Bidens alba","Anartia jatrophae",-0.202058388339065,0.452974996855544,24,9,0.937929450469877
"Bidens alba __ Strymon istapa","Bidens alba","Strymon istapa",-0.201495907155953,0.454260437191808,7,2,0.937929450469877
"Hamelia patens __ Heraclides cresphontes","Hamelia patens","Heraclides cresphontes",-0.201160297935416,0.455028274985543,7,6,0.937929450469877
"Bidens alba __ Erynnis zarucco","Bidens alba","Erynnis zarucco",-0.198088967989737,0.462085194030428,1,1,0.937929450469877
"Jasminum fluminense __ Eumaeus atala","Jasminum fluminense","Eumaeus atala",-0.198088967989737,0.462085194030428,1,1,0.937929450469877
"Richardia grandiflora __ Junonia coenia","Richardia grandiflora","Junonia coenia",-0.198088967989737,0.462085194030428,1,1,0.937929450469877
"Aloysia virgata __ Apis mellifera","Aloysia virgata","Apis mellifera",-0.198088967989737,0.462085194030428,1,1,0.937929450469877
"Caesalpinia pulcherrima __ Danaus plexippus","Caesalpinia pulcherrima","Danaus plexippus",-0.198088967989737,0.462085194030428,1,1,0.937929450469877
"Caesalpinia pulcherrima __ Dione vanillae","Caesalpinia pulcherrima","Dione vanillae",-0.198088967989737,0.462085194030428,1,1,0.937929450469877
"Calliandra . __ Phoebis philea","Calliandra .","Phoebis philea",-0.198088967989737,0.462085194030428,1,1,0.937929450469877
"Chrysobalanus icaco __ Erynnis horatius","Chrysobalanus icaco","Erynnis horatius",-0.198088967989737,0.462085194030428,1,1,0.937929450469877
"Clerodendrum eciosissimum __ Danaus plexippus","Clerodendrum eciosissimum","Danaus plexippus",-0.198088967989737,0.462085194030428,1,1,0.937929450469877
"Clerodendrum paniculatum __ Danaus plexippus","Clerodendrum paniculatum","Danaus plexippus",-0.198088967989737,0.462085194030428,1,1,0.937929450469877
"Croton galndulosus __ Strymon istapa","Croton galndulosus","Strymon istapa",-0.198088967989737,0.462085194030428,1,1,0.937929450469877
"Duranta erecta __ Erynnis horatius","Duranta erecta","Erynnis horatius",-0.198088967989737,0.462085194030428,1,1,0.937929450469877
"Hamelia patens __ Phoebis sennae","Hamelia patens","Phoebis sennae",-0.198088967989737,0.462085194030428,1,1,0.937929450469877
"Ipomea indica __ Cymaenes tripunctus","Ipomea indica","Cymaenes tripunctus",-0.198088967989737,0.462085194030428,1,1,0.937929450469877
"Lagerstroemia eciosa __ Apis mellifera","Lagerstroemia eciosa","Apis mellifera",-0.198088967989737,0.462085194030428,1,1,0.937929450469877
"Passiflora . __ Euglossa dilemma","Passiflora .","Euglossa dilemma",-0.198088967989737,0.462085194030428,1,1,0.937929450469877
"Passiflora lanuginosa __ Apis mellifera","Passiflora lanuginosa","Apis mellifera",-0.198088967989737,0.462085194030428,1,1,0.937929450469877
"Passiflora miniataXvitifolia __ Euglossa dilemma","Passiflora miniataXvitifolia","Euglossa dilemma",-0.198088967989737,0.462085194030428,1,1,0.937929450469877
"Pentas lanceolata __ Battus polydamas","Pentas lanceolata","Battus polydamas",-0.198088967989737,0.462085194030428,1,1,0.937929450469877
"Pluchea . __ Marpesia petreus","Pluchea .","Marpesia petreus",-0.198088967989737,0.462085194030428,1,1,0.937929450469877
"Pseudogynoxys chenopodioides __ Apis mellifera","Pseudogynoxys chenopodioides","Apis mellifera",-0.198088967989737,0.462085194030428,1,1,0.937929450469877
"Richardia grandiflora __ Chrysanthrax cypris","Richardia grandiflora","Chrysanthrax cypris",-0.198088967989737,0.462085194030428,1,1,0.937929450469877
"Spermacoce verticillata __ Danaus eresimus","Spermacoce verticillata","Danaus eresimus",-0.198088967989737,0.462085194030428,1,1,0.937929450469877
"Sphagneticola trilobata __ Danaus eresimus","Sphagneticola trilobata","Danaus eresimus",-0.198088967989737,0.462085194030428,1,1,0.937929450469877
"Thalia Geniculata __ Calpodes ethlius","Thalia Geniculata","Calpodes ethlius",-0.198088967989737,0.462085194030428,1,1,0.937929450469877
"Tribulus cistoides __ Augochlora pura","Tribulus cistoides","Augochlora pura",-0.198088967989737,0.462085194030428,1,1,0.937929450469877
"Urena lobata __ Trigonopeltastes delta","Urena lobata","Trigonopeltastes delta",-0.198088967989737,0.462085194030428,2,1,0.937929450469877
"chrysobalanus icaco __ Chlorostrymon maesites","chrysobalanus icaco","Chlorostrymon maesites",-0.198088967989737,0.462085194030428,1,1,0.937929450469877
"Cestrum diurnum __ Choranthus capucinus","Cestrum diurnum","Choranthus capucinus",-0.198088967989737,0.462085194030428,1,1,0.937929450469877
"Emilia sonchifolia __ Eurema daira","Emilia sonchifolia","Eurema daira",-0.198088967989737,0.462085194030428,1,1,0.937929450469877
"Jatropha multifida __ Erynnis horatius","Jatropha multifida","Erynnis horatius",-0.198088967989737,0.462085194030428,1,1,0.937929450469877
"Momordica charantia __ Cymaenes tripunctus","Momordica charantia","Cymaenes tripunctus",-0.198088967989737,0.462085194030428,1,1,0.937929450469877
"Stachytarpheta jamaicensis __ Heliconius charithonia","Stachytarpheta jamaicensis","Heliconius charithonia",-0.198088967989737,0.462085194030428,1,1,0.937929450469877
"Asclepias curassavica __ Heliconius charithonia","Asclepias curassavica","Heliconius charithonia",0.198088967989737,0.462085194030428,1,1,0.937929450469877
"Jatropha integerrima __ Apis mellifera","Jatropha integerrima","Apis mellifera",0.198088967989737,0.462085194030428,1,1,0.937929450469877
"Nerium oleander __ Heliconius charithonia","Nerium oleander","Heliconius charithonia",0.198088967989737,0.462085194030428,1,1,0.937929450469877
"Pentas lanceolata __ Apis mellifera","Pentas lanceolata","Apis mellifera",0.198088967989737,0.462085194030428,1,1,0.937929450469877
"Senna ligustrina __ Danaus plexippus","Senna ligustrina","Danaus plexippus",0.198088967989737,0.462085194030428,1,1,0.937929450469877
"Chromolaena odorata __ Apis mellifera","Chromolaena odorata","Apis mellifera",0.18641092980036,0.489404657006758,2,2,0.937929450469877
"Sida ulmifolia __ Anartia jatrophae","Sida ulmifolia","Anartia jatrophae",0.18641092980036,0.489404657006758,2,2,0.937929450469877
"Bidens alba __ Urbanus proteus","Bidens alba","Urbanus proteus",-0.165698604266987,0.539682218859286,2,2,0.937929450469877
"Sphagneticola trilobata __ Hylephila phyleus","Sphagneticola trilobata","Hylephila phyleus",-0.157949437947797,0.559062226271689,3,3,0.937929450469877
"Psychotria nervosa __ Marpesia petreus","Psychotria nervosa","Marpesia petreus",0.151182887114466,0.576225721710106,13,7,0.937929450469877
"Richardia grandiflora __ Eurema daira","Richardia grandiflora","Eurema daira",-0.148227320110142,0.583791104012043,7,3,0.937929450469877
"Spermacoce verticillata __ Dione vanillae","Spermacoce verticillata","Dione vanillae",0.14149211999267,0.601182554746372,1,1,0.937929450469877
"Bidens alba __ Hymenia perspectalis","Bidens alba","Hymenia perspectalis",0.14149211999267,0.601182554746372,1,1,0.937929450469877
"Bidens alba __ Trichiotinus lunulatus","Bidens alba","Trichiotinus lunulatus",0.14149211999267,0.601182554746372,1,1,0.937929450469877
"Cephalanthus occidentalis __ Siproeta stelenes","Cephalanthus occidentalis","Siproeta stelenes",0.14149211999267,0.601182554746372,1,1,0.937929450469877
"Euphorbia cyathophora __ Heliconius charithonia","Euphorbia cyathophora","Heliconius charithonia",0.14149211999267,0.601182554746372,1,1,0.937929450469877
"Nymphaea odorata __ Apis mellifera","Nymphaea odorata","Apis mellifera",0.14149211999267,0.601182554746372,1,1,0.937929450469877
"Psychotria tremens __ Trichiotinus lunulatus","Psychotria tremens","Trichiotinus lunulatus",0.14149211999267,0.601182554746372,1,1,0.937929450469877
"Richardia grandiflora __ Danaus gilippus","Richardia grandiflora","Danaus gilippus",0.14149211999267,0.601182554746372,1,1,0.937929450469877
"Richardia grandiflora __ Heliconius charithonia","Richardia grandiflora","Heliconius charithonia",0.14149211999267,0.601182554746372,1,1,0.937929450469877
"Richardia grandiflora __ Papilio palamedes","Richardia grandiflora","Papilio palamedes",0.14149211999267,0.601182554746372,1,1,0.937929450469877
"Richardia grandiflroa __ Heliconius charithonia","Richardia grandiflroa","Heliconius charithonia",0.14149211999267,0.601182554746372,1,1,0.937929450469877
"Salvia coccinia __ Heliconius charithonia","Salvia coccinia","Heliconius charithonia",0.14149211999267,0.601182554746372,1,1,0.937929450469877
"Salvia coccinia __ Papilio palamedes","Salvia coccinia","Papilio palamedes",0.14149211999267,0.601182554746372,2,1,0.937929450469877
"Sida ulmifolia __ Asbolis capucinus","Sida ulmifolia","Asbolis capucinus",0.14149211999267,0.601182554746372,1,1,0.937929450469877
"Stachytarpheta jamaicensis __ Heliconius charithonia tuckeri","Stachytarpheta jamaicensis","Heliconius charithonia tuckeri",0.14149211999267,0.601182554746372,1,1,0.937929450469877
"Jatropha integerrima __ Heliconius charithonia","Jatropha integerrima","Heliconius charithonia",-0.134330604770636,0.619898564977018,6,2,0.937929450469877
"Psychotria nervosa __ Ascia monuste","Psychotria nervosa","Ascia monuste",0.12427395320024,0.646552167436913,2,2,0.937929450469877
"Hamelia patens __ Augochlora pura","Hamelia patens","Augochlora pura",-0.12427395320024,0.646552167436913,2,2,0.937929450469877
"Asclepias curassavica __ Danaus gilippus","Asclepias curassavica","Danaus gilippus",-0.12427395320024,0.646552167436913,4,2,0.937929450469877
"Stachytarpheta jamaicensis __ Danaus plexippus","Stachytarpheta jamaicensis","Danaus plexippus",-0.12427395320024,0.646552167436913,2,2,0.937929450469877
"Bidens alba __ Danaus gilippus","Bidens alba","Danaus gilippus",-0.122988769196458,0.649988415108102,17,5,0.937929450469877
"Psychotria nervosa __ Apis mellifera","Psychotria nervosa","Apis mellifera",0.119384978876509,0.659659154775265,6,4,0.937929450469877
"Psychotria nervosa __ Eumaeus atala","Psychotria nervosa","Eumaeus atala",-0.108071905135131,0.690341479714903,4,3,0.937929450469877
"Pentas lanceolata __ Dione vanillae","Pentas lanceolata","Dione vanillae",-0.105914515299924,0.696245956348855,3,2,0.937929450469877
"Sphagneticola trilobata __ Apis mellifera","Sphagneticola trilobata","Apis mellifera",-0.105299625298531,0.697931840474668,3,3,0.937929450469877
"Chrysobalanus icaco __ Marpesia petreus","Chrysobalanus icaco","Marpesia petreus",0.103561627666867,0.702704165492943,2,2,0.937929450469877
"Chromolaena odorata __ Heliconius charithonia","Chromolaena odorata","Heliconius charithonia",0.103432094623469,0.703060266696484,8,5,0.937929450469877
"Spermacoce verticillata __ Anartia jatrophae","Spermacoce verticillata","Anartia jatrophae",-0.0990882047393751,0.715035224990783,10,4,0.937929450469877
"Bidens alba __ Halictus poeyi","Bidens alba","Halictus poeyi",-0.0848952719956018,0.754584824244589,2,1,0.937929450469877
"Bidens alba __ Hemiargus ceraunus","Bidens alba","Hemiargus ceraunus",-0.0848952719956018,0.754584824244589,1,1,0.937929450469877
"Bidens alba __ Agapostemon splendens","Bidens alba","Agapostemon splendens",-0.0848952719956018,0.754584824244589,1,1,0.937929450469877
"Bidens alba __ Burnsius oileus","Bidens alba","Burnsius oileus",-0.0848952719956018,0.754584824244589,5,1,0.937929450469877
"Bidens alba __ Coelioxys dolichos","Bidens alba","Coelioxys dolichos",-0.0848952719956018,0.754584824244589,1,1,0.937929450469877
"Bidens alba __ Euphoria sepulcralis","Bidens alba","Euphoria sepulcralis",-0.0848952719956018,0.754584824244589,1,1,0.937929450469877
"Bidens alba __ Megachile parallela","Bidens alba","Megachile parallela",-0.0848952719956018,0.754584824244589,1,1,0.937929450469877
"Bidens alba __ Phyciodes phaon","Bidens alba","Phyciodes phaon",-0.0848952719956018,0.754584824244589,2,1,0.937929450469877
"Chromolaena odorata __ Cymaenes tripunctus","Chromolaena odorata","Cymaenes tripunctus",-0.0848952719956018,0.754584824244589,1,1,0.937929450469877
"Chromolaena odorata __ Danaus plexippus","Chromolaena odorata","Danaus plexippus",-0.0848952719956018,0.754584824244589,2,1,0.937929450469877
"Chromolaena orodata __ Urbanus proteus","Chromolaena orodata","Urbanus proteus",-0.0848952719956018,0.754584824244589,1,1,0.937929450469877
"Coccoloba uvifera __ Apis mellifera","Coccoloba uvifera","Apis mellifera",-0.0848952719956018,0.754584824244589,1,1,0.937929450469877
"Erigeron quercifolius __ Apis mellifera","Erigeron quercifolius","Apis mellifera",-0.0848952719956018,0.754584824244589,1,1,0.937929450469877
"Hamelia patens __ Phoebis agarithe","Hamelia patens","Phoebis agarithe",-0.0848952719956018,0.754584824244589,4,1,0.937929450469877
"Helianthus debilis __ Halictus poeyi","Helianthus debilis","Halictus poeyi",-0.0848952719956018,0.754584824244589,1,1,0.937929450469877
"Phyla nodiflora __ Burnsius albezens","Phyla nodiflora","Burnsius albezens",-0.0848952719956018,0.754584824244589,1,1,0.937929450469877
"Psychotria nervosa __ Trigonopeltastes delta","Psychotria nervosa","Trigonopeltastes delta",-0.0848952719956018,0.754584824244589,1,1,0.937929450469877
"Richardia grandiflora __ Anticarsia gemmatalis","Richardia grandiflora","Anticarsia gemmatalis",-0.0848952719956018,0.754584824244589,1,1,0.937929450469877
"Richardia grandiflora __ Ascia monuste","Richardia grandiflora","Ascia monuste",-0.0848952719956018,0.754584824244589,1,1,0.937929450469877
"Richardia grandiflora __ Hemiargus ceraunus","Richardia grandiflora","Hemiargus ceraunus",-0.0848952719956018,0.754584824244589,1,1,0.937929450469877
"Richardia grandiflora __ Phoebis agarithe","Richardia grandiflora","Phoebis agarithe",-0.0848952719956018,0.754584824244589,3,1,0.937929450469877
"Richardia grandiflora __ Strymon istapa","Richardia grandiflora","Strymon istapa",-0.0848952719956018,0.754584824244589,2,1,0.937929450469877
"Salvia coccinea __ Asbolis capucinus","Salvia coccinea","Asbolis capucinus",-0.0848952719956018,0.754584824244589,2,1,0.937929450469877
"Salvia coccinea __ Dione vanillae","Salvia coccinea","Dione vanillae",-0.0848952719956018,0.754584824244589,1,1,0.937929450469877
"Salvia misella __ Cymaenes tripunctus","Salvia misella","Cymaenes tripunctus",-0.0848952719956018,0.754584824244589,1,1,0.937929450469877
"Sida ulmifolia __ Burnsius oileus","Sida ulmifolia","Burnsius oileus",-0.0848952719956018,0.754584824244589,1,1,0.937929450469877
"Sphagneticola trilobata __ Cymaenes tripunctus","Sphagneticola trilobata","Cymaenes tripunctus",-0.0848952719956018,0.754584824244589,1,1,0.937929450469877
"Sphagneticola trilobata __ Halictus poeyi","Sphagneticola trilobata","Halictus poeyi",-0.0848952719956018,0.754584824244589,1,1,0.937929450469877
"Sphagneticola trilobata __ Phyciodes phaon","Sphagneticola trilobata","Phyciodes phaon",-0.0848952719956018,0.754584824244589,2,1,0.937929450469877
"Sphagneticola trilobata __ Pyrausta tyralis","Sphagneticola trilobata","Pyrausta tyralis",-0.0848952719956018,0.754584824244589,1,1,0.937929450469877
"Sphagneticola trilobata __ Thorybes dorantes","Sphagneticola trilobata","Thorybes dorantes",-0.0848952719956018,0.754584824244589,1,1,0.937929450469877
"Stachytarpheta jamaicensis __ Erynnis horatius","Stachytarpheta jamaicensis","Erynnis horatius",-0.0848952719956018,0.754584824244589,1,1,0.937929450469877
"Thunbergia erecta __ Amorbia concavana","Thunbergia erecta","Amorbia concavana",-0.0848952719956018,0.754584824244589,1,1,0.937929450469877
"Varronia bullata __ Strymon istapa","Varronia bullata","Strymon istapa",-0.0848952719956018,0.754584824244589,3,1,0.937929450469877
"Varronia bullata __ Urbanus proteus","Varronia bullata","Urbanus proteus",-0.0848952719956018,0.754584824244589,1,1,0.937929450469877
"Zanthoxylum fagara __ Marpesia petreus","Zanthoxylum fagara","Marpesia petreus",-0.0848952719956018,0.754584824244589,1,1,0.937929450469877
"Phyla nodiflora __ Heliconius charithonia","Phyla nodiflora","Heliconius charithonia",0.0848952719956018,0.754584824244589,1,1,0.937929450469877
"Richardia grandiflora __ Pyrausta tyralis","Richardia grandiflora","Pyrausta tyralis",0.0848952719956018,0.754584824244589,1,1,0.937929450469877
"Spermacoce Virticillata __ Pontia protodice","Spermacoce Virticillata","Pontia protodice",0.0848952719956018,0.754584824244589,1,1,0.937929450469877
"Trifolium repens __ Apis mellifera","Trifolium repens","Apis mellifera",0.0848952719956018,0.754584824244589,1,1,0.937929450469877
"Sida ulmifolia __ Eurema daira","Sida ulmifolia","Eurema daira",-0.0828493021334933,0.760336025361549,2,2,0.937929450469877
"Richardia grandiflora __ Heraclides cresphontes","Richardia grandiflora","Heraclides cresphontes",0.0828493021334933,0.760336025361549,2,2,0.937929450469877
"Sphagneticola trilobata __ Heliconius charithonia","Sphagneticola trilobata","Heliconius charithonia",0.0828493021334933,0.760336025361549,2,2,0.937929450469877
"Baccharis glomeruliflora __ Marpesia petreus","Baccharis glomeruliflora","Marpesia petreus",0.0828493021334933,0.760336025361549,2,2,0.937929450469877
"Hamelia patens __ Dryas iulia","Hamelia patens","Dryas iulia",0.0783741420527596,0.772956383486325,7,6,0.937929450469877
"Psychotria nervosa __ Heraclides cresphontes","Psychotria nervosa","Heraclides cresphontes",0.0749151449682391,0.782747915639103,3,2,0.937929450469877
"Bidens alba __ Danaus plexippus","Bidens alba","Danaus plexippus",-0.0703670121711735,0.795668968767332,13,4,0.937929450469877
"Asclepias curassavica __ Danaus plexippus","Asclepias curassavica","Danaus plexippus",-0.0633721134126268,0.815637618548439,10,5,0.937929450469877
"Chrysobalanus icaco __ Heliconius charithonia","Chrysobalanus icaco","Heliconius charithonia",-0.06213697660012,0.819175049781863,2,2,0.937929450469877
"Richardia grandiflora __ Anartia jatrophae","Richardia grandiflora","Anartia jatrophae",-0.0569024723250514,0.834202233716369,9,6,0.937929450469877
"Bidens alba __ Nathalis iole","Bidens alba","Nathalis iole",-0.0547996624351191,0.840254436516941,6,5,0.937929450469877
"Richardia grandiflora __ Urbanus proteus","Richardia grandiflora","Urbanus proteus",0.0523984994594573,0.847175598494532,4,3,0.937929450469877
"Spermacoce verticillata __ Hylephila phyleus","Spermacoce verticillata","Hylephila phyleus",0.0523984994594573,0.847175598494532,4,3,0.937929450469877
"Richardia grandiflora __ Apis mellifera","Richardia grandiflora","Apis mellifera",-0.047457899787625,0.861448952225115,4,4,0.937929450469877
"Bidens alba __ Panoquina ocola","Bidens alba","Panoquina ocola",-0.0464990554975277,0.864223843953628,5,2,0.937929450469877
"Bidens alba __ Thorybes dorantes","Bidens alba","Thorybes dorantes",-0.0464990554975277,0.864223843953628,5,2,0.937929450469877
"Richardia grandiflora __ Burnsius oileus","Richardia grandiflora","Burnsius oileus",-0.0464990554975277,0.864223843953628,3,2,0.937929450469877
"Bidens alba __ Apis mellifera","Bidens alba","Apis mellifera",0.0423101635342867,0.876363538220054,15,9,0.937929450469877
"Bidens alba __ Pyrausta tyralis","Bidens alba","Pyrausta tyralis",-0.0414246510667467,0.878933213721781,2,2,0.937929450469877
"Bidens alba __ Atalopedes huron","Bidens alba","Atalopedes huron",-0.0414246510667467,0.878933213721781,2,2,0.937929450469877
"Bidens alba __ Phyciodes tharos","Bidens alba","Phyciodes tharos",-0.0414246510667467,0.878933213721781,2,2,0.937929450469877
"Cestrum diurnum __ Thorybes dorantes","Cestrum diurnum","Thorybes dorantes",-0.0414246510667467,0.878933213721781,2,2,0.937929450469877
"Richardia grandiflora __ Marpesia petreus","Richardia grandiflora","Marpesia petreus",-0.0414246510667467,0.878933213721781,2,2,0.937929450469877
"Spermacoce verticillata __ Danaus plexippus","Spermacoce verticillata","Danaus plexippus",-0.0414246510667467,0.878933213721781,2,2,0.937929450469877
"Spermacoce verticillata __ Syngamia florella","Spermacoce verticillata","Syngamia florella",-0.0361659320536327,0.894216072151714,3,2,0.937929450469877
"Sphagneticola trilobata __ Erynnis horatius","Sphagneticola trilobata","Erynnis horatius",0.0350998750995104,0.897318665697573,3,3,0.937929450469877
"Bidens alba __ Marpesia petreus","Bidens alba","Marpesia petreus",0.0348770164965041,0.897967438831645,6,3,0.937929450469877
"Bidens alba __ Chrysanthrax cypris","Bidens alba","Chrysanthrax cypris",-0.0282984239985339,0.917144310293258,1,1,0.937929450469877
"Bidens alba __ Heraclides cresphontes","Bidens alba","Heraclides cresphontes",-0.0282984239985339,0.917144310293258,2,1,0.937929450469877
"Chromolaena odorata __ Heraclides cresphontes","Chromolaena odorata","Heraclides cresphontes",-0.0282984239985339,0.917144310293258,1,1,0.937929450469877
"Dicliptera sexangularis __ Heliconius charithonia","Dicliptera sexangularis","Heliconius charithonia",-0.0282984239985339,0.917144310293258,1,1,0.937929450469877
"Phyla nodiflora __ Burnsius oileus","Phyla nodiflora","Burnsius oileus",-0.0282984239985339,0.917144310293258,1,1,0.937929450469877
"Pluchea carolinensis __ Eumaeus atala","Pluchea carolinensis","Eumaeus atala",-0.0282984239985339,0.917144310293258,1,1,0.937929450469877
"Pluchea carolinensis __ Marpesia petreus","Pluchea carolinensis","Marpesia petreus",-0.0282984239985339,0.917144310293258,1,1,0.937929450469877
"Psychotria nervosa __ Danaus eresimus","Psychotria nervosa","Danaus eresimus",-0.0282984239985339,0.917144310293258,1,1,0.937929450469877
"Richardia grandiflora __ Augochlora pura","Richardia grandiflora","Augochlora pura",-0.0282984239985339,0.917144310293258,1,1,0.937929450469877
"Richardia grandiflora __ Eumaeus atala","Richardia grandiflora","Eumaeus atala",-0.0282984239985339,0.917144310293258,1,1,0.937929450469877
"Richardia grandiflora __ Pyrisitia lisa","Richardia grandiflora","Pyrisitia lisa",-0.0282984239985339,0.917144310293258,1,1,0.937929450469877
"Salvia misella __ Eurema daira","Salvia misella","Eurema daira",-0.0282984239985339,0.917144310293258,1,1,0.937929450469877
"Spermacoce verticillata __ Eumaeus atala","Spermacoce verticillata","Eumaeus atala",-0.0282984239985339,0.917144310293258,3,1,0.937929450469877
"Spermacoce verticillata __ Systoechus solitus","Spermacoce verticillata","Systoechus solitus",-0.0282984239985339,0.917144310293258,1,1,0.937929450469877
"Verbesina virginica __ Marpesia petreus","Verbesina virginica","Marpesia petreus",-0.0282984239985339,0.917144310293258,1,1,0.937929450469877
"Spermacoce verticillata __ Eurema daira","Spermacoce verticillata","Eurema daira",0.0282984239985339,0.917144310293259,1,1,0.937929450469877
"Lantana strigocamara __ Dione vanillae","Lantana strigocamara","Dione vanillae",0.0282984239985339,0.917144310293259,1,1,0.937929450469877
"Stachytarpheta jamaicensis __ Cymaenes tripunctus","Stachytarpheta jamaicensis","Cymaenes tripunctus",0.0282984239985339,0.917144310293259,1,1,0.937929450469877
"Ageratum conyzoides __ Danaus eresimus","Ageratum conyzoides","Danaus eresimus",0.0282984239985339,0.917144310293259,1,1,0.937929450469877
"Ageratum conyzoides __ Danaus gilippus","Ageratum conyzoides","Danaus gilippus",0.0282984239985339,0.917144310293259,1,1,0.937929450469877
"Ageratum houstonianum __ Danaus gilippus","Ageratum houstonianum","Danaus gilippus",0.0282984239985339,0.917144310293259,1,1,0.937929450469877
"Aloysia virgata __ Danaus gilippus","Aloysia virgata","Danaus gilippus",0.0282984239985339,0.917144310293259,2,1,0.937929450469877
"Asclepias curassavica __ Danaus eresimus","Asclepias curassavica","Danaus eresimus",0.0282984239985339,0.917144310293259,1,1,0.937929450469877
"Bidens alba __ Burnsius albezens","Bidens alba","Burnsius albezens",0.0282984239985339,0.917144310293259,2,1,0.937929450469877
"Calliandra . __ Vanessa atalanta","Calliandra .","Vanessa atalanta",0.0282984239985339,0.917144310293259,1,1,0.937929450469877
"Calliandra surinamensis __ Phoebis sennae","Calliandra surinamensis","Phoebis sennae",0.0282984239985339,0.917144310293259,1,1,0.937929450469877
"Callicarpa americana __ Apis mellifera","Callicarpa americana","Apis mellifera",0.0282984239985339,0.917144310293259,1,1,0.937929450469877
"Catharanthus roseus __ Papilio palamedes","Catharanthus roseus","Papilio palamedes",0.0282984239985339,0.917144310293259,1,1,0.937929450469877
"Cestrum Diurnum __ Dione vanillae","Cestrum Diurnum","Dione vanillae",0.0282984239985339,0.917144310293259,1,1,0.937929450469877
"Cestrum diurnum __ Danaus plexippus","Cestrum diurnum","Danaus plexippus",0.0282984239985339,0.917144310293259,1,1,0.937929450469877
"Cestrum diurnum __ Marpesia petreus","Cestrum diurnum","Marpesia petreus",0.0282984239985339,0.917144310293259,1,1,0.937929450469877
"Cestrum diurnum __ Syntomeida epilais","Cestrum diurnum","Syntomeida epilais",0.0282984239985339,0.917144310293259,1,1,0.937929450469877
"Chromolaena odorata __ Danaus eresimus","Chromolaena odorata","Danaus eresimus",0.0282984239985339,0.917144310293259,1,1,0.937929450469877
"Chromolaena odorata __ Urbanus proteus","Chromolaena odorata","Urbanus proteus",0.0282984239985339,0.917144310293259,1,1,0.937929450469877
"Conoclinium coelestinum __ Danaus gilippus","Conoclinium coelestinum","Danaus gilippus",0.0282984239985339,0.917144310293259,1,1,0.937929450469877
"Cuphea micropetala __ Phoebis philea","Cuphea micropetala","Phoebis philea",0.0282984239985339,0.917144310293259,3,1,0.937929450469877
"Cuphea strigulosa __ Anartia jatrophae","Cuphea strigulosa","Anartia jatrophae",0.0282984239985339,0.917144310293259,1,1,0.937929450469877
"Cuphea strigulosa __ Hylephila phyleus","Cuphea strigulosa","Hylephila phyleus",0.0282984239985339,0.917144310293259,1,1,0.937929450469877
"Desmodium incanum __ Anartia jatrophae","Desmodium incanum","Anartia jatrophae",0.0282984239985339,0.917144310293259,1,1,0.937929450469877
"Dianthus barbatus __ Oligoria maculata","Dianthus barbatus","Oligoria maculata",0.0282984239985339,0.917144310293259,1,1,0.937929450469877
"Duranta erecta __ Dione vanillae","Duranta erecta","Dione vanillae",0.0282984239985339,0.917144310293259,1,1,0.937929450469877
"Flaveria linearis __ Eurema daira","Flaveria linearis","Eurema daira",0.0282984239985339,0.917144310293259,1,1,0.937929450469877
"Gaillardia pulchella __ Ascia monuste","Gaillardia pulchella","Ascia monuste",0.0282984239985339,0.917144310293259,1,1,0.937929450469877
"Gaillardia pulchella __ Dione vanillae","Gaillardia pulchella","Dione vanillae",0.0282984239985339,0.917144310293259,1,1,0.937929450469877
"Heliotropium angioermum __ Dryas iulia","Heliotropium angioermum","Dryas iulia",0.0282984239985339,0.917144310293259,2,1,0.937929450469877
"Heliotropium angioermum __ Heliconius charithonia","Heliotropium angioermum","Heliconius charithonia",0.0282984239985339,0.917144310293259,2,1,0.937929450469877
"Jatropha integerrima __ Danaus eresimus","Jatropha integerrima","Danaus eresimus",0.0282984239985339,0.917144310293259,1,1,0.937929450469877
"Jatropha integerrima __ Danaus gilippus","Jatropha integerrima","Danaus gilippus",0.0282984239985339,0.917144310293259,1,1,0.937929450469877
"Jatropha integerrima __ Danaus plexippus","Jatropha integerrima","Danaus plexippus",0.0282984239985339,0.917144310293259,2,1,0.937929450469877
"Jatropha integerrima __ Dione vanillae","Jatropha integerrima","Dione vanillae",0.0282984239985339,0.917144310293259,1,1,0.937929450469877
"Jatropha integerrima __ Dryas iulia","Jatropha integerrima","Dryas iulia",0.0282984239985339,0.917144310293259,3,1,0.937929450469877
"Lantana depressa __ Danaus plexippus","Lantana depressa","Danaus plexippus",0.0282984239985339,0.917144310293259,1,1,0.937929450469877
"Lantana strigocamara __ Cymaenes tripunctus","Lantana strigocamara","Cymaenes tripunctus",0.0282984239985339,0.917144310293259,1,1,0.937929450469877
"Lonicera sempervirens __ Phoebis philea","Lonicera sempervirens","Phoebis philea",0.0282984239985339,0.917144310293259,5,1,0.937929450469877
"Lonicera sempervirens __ Phoebis sennae","Lonicera sempervirens","Phoebis sennae",0.0282984239985339,0.917144310293259,1,1,0.937929450469877
"Ludwigia octovalvis __ Burnsius oileus","Ludwigia octovalvis","Burnsius oileus",0.0282984239985339,0.917144310293259,1,1,0.937929450469877
"Ludwigia octovalvis __ Leptotes cassius","Ludwigia octovalvis","Leptotes cassius",0.0282984239985339,0.917144310293259,1,1,0.937929450469877
"Phyla nodiflora __ Cymaenes tripunctus","Phyla nodiflora","Cymaenes tripunctus",0.0282984239985339,0.917144310293259,1,1,0.937929450469877
"Phyla nodiflora __ Lerodea eufala","Phyla nodiflora","Lerodea eufala",0.0282984239985339,0.917144310293259,1,1,0.937929450469877
"Phyla nodiflora __ Nathalis iole","Phyla nodiflora","Nathalis iole",0.0282984239985339,0.917144310293259,1,1,0.937929450469877
"Phyla nodiflora __ Phyciodes phaon","Phyla nodiflora","Phyciodes phaon",0.0282984239985339,0.917144310293259,2,1,0.937929450469877
"Pseudogynoxys chenopodioides __ Heliconius charithonia","Pseudogynoxys chenopodioides","Heliconius charithonia",0.0282984239985339,0.917144310293259,1,1,0.937929450469877
"Pseudogynoxys chenopodioides __ Marpesia petreus","Pseudogynoxys chenopodioides","Marpesia petreus",0.0282984239985339,0.917144310293259,1,1,0.937929450469877
"Pseudogynoxys chenopodioides __ Phoebis philea","Pseudogynoxys chenopodioides","Phoebis philea",0.0282984239985339,0.917144310293259,1,1,0.937929450469877
"Pseudogynoxys chenopodioides __ Thorybes dorantes","Pseudogynoxys chenopodioides","Thorybes dorantes",0.0282984239985339,0.917144310293259,1,1,0.937929450469877
"Psychotria nervosa __ Danaus plexippus","Psychotria nervosa","Danaus plexippus",0.0282984239985339,0.917144310293259,1,1,0.937929450469877
"Psychotria nervosa __ Erynnis horatius","Psychotria nervosa","Erynnis horatius",0.0282984239985339,0.917144310293259,1,1,0.937929450469877
"Richardia grandiflora __ Ceratina floridana","Richardia grandiflora","Ceratina floridana",0.0282984239985339,0.917144310293259,1,1,0.937929450469877
"Richardia grandiflora __ Cymaenes tripunctus","Richardia grandiflora","Cymaenes tripunctus",0.0282984239985339,0.917144310293259,3,1,0.937929450469877
"Richardia grandiflora __ Dryas iulia","Richardia grandiflora","Dryas iulia",0.0282984239985339,0.917144310293259,1,1,0.937929450469877
"Richardia grandiflora __ Phoebis sennae","Richardia grandiflora","Phoebis sennae",0.0282984239985339,0.917144310293259,2,1,0.937929450469877
"Rivina humilis __ Leptotes cassius","Rivina humilis","Leptotes cassius",0.0282984239985339,0.917144310293259,1,1,0.937929450469877
"Salvia coccinea __ Phoebis philea","Salvia coccinea","Phoebis philea",0.0282984239985339,0.917144310293259,2,1,0.937929450469877
"Salvia coccinea __ Phoebis sennae","Salvia coccinea","Phoebis sennae",0.0282984239985339,0.917144310293259,2,1,0.937929450469877
"Salvia coccinea __ Phoebis statira","Salvia coccinea","Phoebis statira",0.0282984239985339,0.917144310293259,1,1,0.937929450469877
"Spermacoce verticillata __ Ascia monuste","Spermacoce verticillata","Ascia monuste",0.0282984239985339,0.917144310293259,1,1,0.937929450469877
"Spermacoce verticillata __ Dryas iulia","Spermacoce verticillata","Dryas iulia",0.0282984239985339,0.917144310293259,2,1,0.937929450469877
"Spermacoce verticillata __ Limenitis archippus","Spermacoce verticillata","Limenitis archippus",0.0282984239985339,0.917144310293259,1,1,0.937929450469877
"Spermacoce verticillata __ Phyciodes phaon","Spermacoce verticillata","Phyciodes phaon",0.0282984239985339,0.917144310293259,1,1,0.937929450469877
"Spermacoce verticillata __ Thorybes dorantes","Spermacoce verticillata","Thorybes dorantes",0.0282984239985339,0.917144310293259,1,1,0.937929450469877
"Spermicoce verticillata __ Syntomeida epilais","Spermicoce verticillata","Syntomeida epilais",0.0282984239985339,0.917144310293259,1,1,0.937929450469877
"Spermicoce verticillata __ Utetheisa ornatrix","Spermicoce verticillata","Utetheisa ornatrix",0.0282984239985339,0.917144310293259,1,1,0.937929450469877
"Stachytarpheta jamaicensis __ Lerema accius","Stachytarpheta jamaicensis","Lerema accius",0.0282984239985339,0.917144310293259,2,1,0.937929450469877
"Turnera ulmifolia __ Asbolis capucinus","Turnera ulmifolia","Asbolis capucinus",0.0282984239985339,0.917144310293259,1,1,0.937929450469877
"Turnera ulmifolia __ Cymaenes tripunctus","Turnera ulmifolia","Cymaenes tripunctus",0.0282984239985339,0.917144310293259,1,1,0.937929450469877
"Turnera ulmifolia __ Dione vanillae","Turnera ulmifolia","Dione vanillae",0.0282984239985339,0.917144310293259,1,1,0.937929450469877
"Waltheria indica __ Thorybes dorantes","Waltheria indica","Thorybes dorantes",0.0282984239985339,0.917144310293259,1,1,0.937929450469877
"Pontederia cordata __ Danaus plexippus","Pontederia cordata","Danaus plexippus",-0.0207123255333733,0.93931076073095,2,2,0.957884702327325
"Hamelia patens __ Heliconius charithonia","Hamelia patens","Heliconius charithonia",-0.019737749820006,0.942161809471575,21,7,0.958085671040109
"Richardia grandiflora __ Erynnis horatius","Richardia grandiflora","Erynnis horatius",-0.0145167852103114,0.957445763583115,8,5,0.970893035543552
"Spermacoce verticillata __ Erynnis horatius","Spermacoce verticillata","Erynnis horatius",0.0054581770270268,0.983994209931608,5,3,0.995019355140925
"Lantana strigocamara __ Heliconius charithonia","Lantana strigocamara","Heliconius charithonia",0.00258328086097376,0.992424327257385,4,2,1
"Spermacoce verticillata __ Danaus gilippus","Spermacoce verticillata","Danaus gilippus",0,1,2,2,1
"Bidens alba __ Ascia monuste","Bidens alba","Ascia monuste",0,1,2,2,1
"Spermacoce verticillata __ Pyrausta tyralis","Spermacoce verticillata","Pyrausta tyralis",0,1,2,2,1
